{
    "metadata": {
        "uvs": 0,
        "version": 3,
        "generator": "io_three",
        "faces": 10,
        "vertices": 22,
        "normals": 11,
        "materials": 1,
        "type": "Geometry"
    },
    "uvs": [],
    "vertices": [3.6,-0.520145,0.007079,3.6,0.520145,0.007079,3.4238,-0.520145,1.11954,3.4238,0.520145,1.11954,2.91246,-0.520145,2.12311,2.91246,0.520145,2.12311,2.11603,-0.520145,2.91954,2.11603,0.520145,2.91954,1.11246,-0.520145,3.43088,1.11246,0.520145,3.43088,-1e-06,-0.520145,3.60708,-1e-06,0.520145,3.60708,-1.11246,-0.520145,3.43088,-1.11246,0.520145,3.43088,-2.11603,-0.520145,2.91954,-2.11603,0.520145,2.91954,-2.91246,-0.520145,2.1231,-2.91246,0.520145,2.1231,-3.4238,-0.520145,1.11954,-3.4238,0.520145,1.11954,-3.6,-0.520145,0.007075,-3.6,0.520145,0.007075],
    "normals": [-0.987671,0,-0.156407,-0.951048,0,-0.309,-0.809015,0,-0.587756,-0.587756,0,-0.809015,-0.309,0,-0.951048,0,0,-1,0.309,0,-0.951048,0.587756,0,-0.809015,0.809015,0,-0.587756,0.951048,0,-0.309,0.987671,0,-0.156407],
    "faces": [35,0,2,3,1,0,0,1,1,0,35,2,4,5,3,0,1,2,2,1,35,4,6,7,5,0,2,3,3,2,35,6,8,9,7,0,3,4,4,3,35,8,10,11,9,0,4,5,5,4,35,10,12,13,11,0,5,6,6,5,35,12,14,15,13,0,6,7,7,6,35,14,16,17,15,0,7,8,8,7,35,16,18,19,17,0,8,9,9,8,35,18,20,21,19,0,9,10,10,9],
    "materials": [{
        "shading": "phong",
        "DbgColor": 15658734,
        "DbgIndex": 0,
        "specularCoef": 50,
        "colorSpecular": [0.5,0.5,0.5],
        "wireframe": false,
        "transparent": false,
        "depthWrite": true,
        "blending": "NormalBlending",
        "visible": true,
        "opacity": 1,
        "colorEmissive": [0,0,0],
        "DbgName": "navMenuBack",
        "colorDiffuse": [0.64,0.64,0.64],
        "depthTest": true
    }],
    "name": "CylinderGeometry"
}