{
    "metadata": {
        "normals": 1,
        "materials": 1,
        "vertices": 4,
        "type": "Geometry",
        "version": 3,
        "uvs": 1,
        "generator": "io_three",
        "faces": 1
    },
    "faces": [43,2,0,1,3,0,0,1,2,3,0,0,0,0],
    "normals": [0,0.928037,-0.372417],
    "name": "Cube.001Geometry",
    "uvs": [[0.999916,0.707102,8.4e-05,0.707102,8.4e-05,8.4e-05,0.999916,8.4e-05]],
    "materials": [{
        "visible": true,
        "depthTest": true,
        "colorDiffuse": [0.64,0.64,0.64],
        "shading": "phong",
        "depthWrite": true,
        "DbgIndex": 0,
        "wireframe": false,
        "opacity": 1,
        "specularCoef": 50,
        "transparent": false,
        "colorEmissive": [0,0,0],
        "colorSpecular": [0.5,0.5,0.5],
        "DbgColor": 15658734,
        "blending": "NormalBlending",
        "DbgName": "screenFace"
    }],
    "vertices": [1.00401,-1.61364,2.77043,1.00401,-2.14011,1.45853,-0.995034,-1.61364,2.77043,-0.995034,-2.14011,1.45853]
}